[
   {
      "computationalResult":[
         {
            "type":"figure",
            "result":"Figure 3"
         }
      ],
      "sourcecode":[
         {
            "file":"analysis.Rmd",
            "codelines":[
               "20 - 23",
               "45 - 55"
            ],
            "parameter":[
               {
                  "name":"velocity",
                  "initialValue":"2.0",
                  "codeline":23,
                  "uiWidget":{
                     "type":"slider",
                     "minValue":0.1,
                     "maxValue":3.5,
                     "stepSize":0.1,
                     "caption":"Changing the velocity parameter affects damage costs"
                  }
               }
            ]
         }
      ],
      "data":[
         {
            "file":"costs.csv",
            "column":[
               {
                  "name":"Costs",
                  "rows":"1-37"
               }
            ]
         }
      ]
   }
]
